{
  "overall": {
    "recall_at_5": 0.8385570668243643,
    "mrr": 0.6417011630199094,
    "total_queries": 1691
  },
  "by_diagnosis": {
    "I11.9": {
      "recall_at_5": 0.9512893982808023,
      "mrr": 0.8626552053486151,
      "num_cases": 349
    },
    "E06.3": {
      "recall_at_5": 0.8926829268292683,
      "mrr": 0.5450406504065041,
      "num_cases": 205
    },
    "G54.4": {
      "recall_at_5": 0.8883248730964467,
      "mrr": 0.6644670050761422,
      "num_cases": 197
    },
    "M54.2": {
      "recall_at_5": 0.8895348837209303,
      "mrr": 0.6844961240310078,
      "num_cases": 172
    },
    "M54.8": {
      "recall_at_5": 0.5096774193548387,
      "mrr": 0.26301075268817203,
      "num_cases": 155
    },
    "G20": {
      "recall_at_5": 0.958904109589041,
      "mrr": 0.835159817351598,
      "num_cases": 146
    },
    "M54.5": {
      "recall_at_5": 0.46875,
      "mrr": 0.2571614583333333,
      "num_cases": 128
    },
    "J06.8": {
      "recall_at_5": 0.8976377952755905,
      "mrr": 0.7996062992125984,
      "num_cases": 127
    },
    "G90.9": {
      "recall_at_5": 0.7777777777777778,
      "mrr": 0.4882716049382716,
      "num_cases": 108
    },
    "G44.2": {
      "recall_at_5": 0.9423076923076923,
      "mrr": 0.7094551282051282,
      "num_cases": 104
    }
  }
}