{
  "overall": {
    "recall_at_5": 0.729745712596097,
    "mrr": 0.49574216439976343,
    "total_queries": 1691
  },
  "by_diagnosis": {
    "I11.9": {
      "recall_at_5": 0.7736389684813754,
      "mrr": 0.5840019102196753,
      "num_cases": 349
    },
    "E06.3": {
      "recall_at_5": 0.7073170731707317,
      "mrr": 0.4169105691056911,
      "num_cases": 205
    },
    "G54.4": {
      "recall_at_5": 0.7969543147208121,
      "mrr": 0.5592216582064298,
      "num_cases": 197
    },
    "M54.2": {
      "recall_at_5": 0.8604651162790697,
      "mrr": 0.5207364341085271,
      "num_cases": 172
    },
    "M54.8": {
      "recall_at_5": 0.5483870967741935,
      "mrr": 0.2883870967741935,
      "num_cases": 155
    },
    "G20": {
      "recall_at_5": 0.8835616438356164,
      "mrr": 0.725,
      "num_cases": 146
    },
    "M54.5": {
      "recall_at_5": 0.421875,
      "mrr": 0.17942708333333335,
      "num_cases": 128
    },
    "J06.8": {
      "recall_at_5": 0.7795275590551181,
      "mrr": 0.6618110236220472,
      "num_cases": 127
    },
    "G90.9": {
      "recall_at_5": 0.5092592592592593,
      "mrr": 0.25123456790123455,
      "num_cases": 108
    },
    "G44.2": {
      "recall_at_5": 0.8846153846153846,
      "mrr": 0.6209935897435896,
      "num_cases": 104
    }
  }
}