{
  "overall": {
    "recall_at_5": 0.7652276759314015,
    "mrr": 0.5142322097378277,
    "total_queries": 1691
  },
  "by_diagnosis": {
    "I11.9": {
      "recall_at_5": 0.830945558739255,
      "mrr": 0.5861986628462272,
      "num_cases": 349
    },
    "E06.3": {
      "recall_at_5": 0.6780487804878049,
      "mrr": 0.44032520325203256,
      "num_cases": 205
    },
    "G54.4": {
      "recall_at_5": 0.8020304568527918,
      "mrr": 0.5714890016920473,
      "num_cases": 197
    },
    "M54.2": {
      "recall_at_5": 0.813953488372093,
      "mrr": 0.5517441860465117,
      "num_cases": 172
    },
    "M54.8": {
      "recall_at_5": 0.9354838709677419,
      "mrr": 0.5146236559139785,
      "num_cases": 155
    },
    "G20": {
      "recall_at_5": 0.910958904109589,
      "mrr": 0.7984018264840183,
      "num_cases": 146
    },
    "M54.5": {
      "recall_at_5": 0.5234375,
      "mrr": 0.21028645833333334,
      "num_cases": 128
    },
    "J06.8": {
      "recall_at_5": 0.8503937007874016,
      "mrr": 0.5799212598425197,
      "num_cases": 127
    },
    "G90.9": {
      "recall_at_5": 0.48148148148148145,
      "mrr": 0.2631172839506173,
      "num_cases": 108
    },
    "G44.2": {
      "recall_at_5": 0.5961538461538461,
      "mrr": 0.40304487179487175,
      "num_cases": 104
    }
  }
}