{
  "overall": {
    "recall_at_5": 0.8391484328799527,
    "mrr": 0.630889020303568,
    "total_queries": 1691
  },
  "by_diagnosis": {
    "I11.9": {
      "recall_at_5": 0.7335243553008596,
      "mrr": 0.5501910219675262,
      "num_cases": 349
    },
    "E06.3": {
      "recall_at_5": 0.8292682926829268,
      "mrr": 0.6547967479674798,
      "num_cases": 205
    },
    "G54.4": {
      "recall_at_5": 0.9543147208121827,
      "mrr": 0.7961928934010151,
      "num_cases": 197
    },
    "M54.2": {
      "recall_at_5": 0.8546511627906976,
      "mrr": 0.5816860465116279,
      "num_cases": 172
    },
    "M54.8": {
      "recall_at_5": 0.7548387096774194,
      "mrr": 0.3474193548387096,
      "num_cases": 155
    },
    "G20": {
      "recall_at_5": 0.958904109589041,
      "mrr": 0.8940639269406393,
      "num_cases": 146
    },
    "M54.5": {
      "recall_at_5": 0.6640625,
      "mrr": 0.3084635416666667,
      "num_cases": 128
    },
    "J06.8": {
      "recall_at_5": 0.984251968503937,
      "mrr": 0.9186351706036746,
      "num_cases": 127
    },
    "G90.9": {
      "recall_at_5": 0.8055555555555556,
      "mrr": 0.4984567901234569,
      "num_cases": 108
    },
    "G44.2": {
      "recall_at_5": 1.0,
      "mrr": 0.8588141025641025,
      "num_cases": 104
    }
  }
}