{
  "overall": {
    "recall_at_5": 0.7806031933767001,
    "mrr": 0.5441159077468953,
    "total_queries": 1691
  },
  "by_diagnosis": {
    "I11.9": {
      "recall_at_5": 0.8538681948424068,
      "mrr": 0.626647564469914,
      "num_cases": 349
    },
    "E06.3": {
      "recall_at_5": 0.5463414634146342,
      "mrr": 0.3760975609756098,
      "num_cases": 205
    },
    "G54.4": {
      "recall_at_5": 0.9187817258883249,
      "mrr": 0.6968697123519458,
      "num_cases": 197
    },
    "M54.2": {
      "recall_at_5": 0.8662790697674418,
      "mrr": 0.5656976744186046,
      "num_cases": 172
    },
    "M54.8": {
      "recall_at_5": 0.47096774193548385,
      "mrr": 0.21526881720430108,
      "num_cases": 155
    },
    "G20": {
      "recall_at_5": 0.9383561643835616,
      "mrr": 0.823744292237443,
      "num_cases": 146
    },
    "M54.5": {
      "recall_at_5": 0.5859375,
      "mrr": 0.22604166666666667,
      "num_cases": 128
    },
    "J06.8": {
      "recall_at_5": 0.9133858267716536,
      "mrr": 0.7101049868766405,
      "num_cases": 127
    },
    "G90.9": {
      "recall_at_5": 0.7870370370370371,
      "mrr": 0.5029320987654321,
      "num_cases": 108
    },
    "G44.2": {
      "recall_at_5": 0.9038461538461539,
      "mrr": 0.6024038461538462,
      "num_cases": 104
    }
  }
}